地域名,国名,課題タイトル,課題概要,参考ソース
北米,アメリカ,多数の車上荒らし,"サンフランシスコの住民は2023年に17,000件以上の車上荒らしに悩まされており、多くが報告されていない。",https://abc7news.com/san-francisco-ai-hackathon-accelerate-sf-artificial-intelligence/14019456/
北米,アメリカ,低所得者向け住宅確保,低所得者向け住宅確保を目指す都市開発者は、不足する住宅問題に直面している。,https://abc7news.com/san-francisco-ai-hackathon-accelerate-sf-artificial-intelligence/14019456/
北米,アメリカ,サンホゼ市内の交通安全対策の不足,サンホゼ市の交通利用者にとって、2023年6月までに21件の交通死亡事故が発生したことは深刻な課題です。前年同期の33件と比べ改善は見られるものの、これらの数字は市内の交通安全対策が依然として不十分であることを示しており、住民の安全を確保するために、更なる対策が必要とされています。,https://abc7news.com/city-of-san-jose-vision-zero-initiative-hackathon-pedestrian-traffic-deaths-artificial-intelligence/13486622/
北米,アメリカ,they 教育,高校生がジェンダーニュートラル（性別中立）なリレーションシップを築き上げる際に同性異性に対しての認識度を高めるための教育ニーズが進む一方で、供給に課題が残る。,https://www.youtube.com/watch?v=Le5KZkw5q2E
北米,アメリカ,NYトイレ問題,NYには公衆トイレが少なく、トイレ情報も整備されていないため、NY住民は不便を強いられている。適切なタイミングで適切なトイレにたどり着きたい。,https://secretnyc.co/website-shows-every-open-bathroom-nyc/
北米,アメリカ,サンフランシスコで年間600人以上の薬剤過剰摂取死亡者が急増,サンフランシスコの市民は、薬剤過剰摂取による死亡者数の急増という深刻な課題に直面しています。保健局は薬剤過剰摂取を減らすための対策を講じているものの、安全な摂取場所の設置は連邦法に反するため、実現には障壁が存在します。,"https://www.sfchronicle.com/podcasts/article/san-francisco-overdose-plan-18092317.php,  https://www.sfchronicle.com/projects/2022/fixing-san-francisco-problems/sfnext-about-the-project"
北米,アメリカ,先進道路をサポートし強化するインフラ開発の投資が不十分。,サンフランシスコの交通インフラは、自律走行車の増加と経済の拡大によりプレッシャーを受けています。自動運転に寄与するためのインフラ投資は行われていますが、SFMTAの予算は運賃や駐車料金などの収入で賄いきれず、交通サービスやインフラの維持に課題を抱えています。特に、COVID-19パンデミック前から存在する構造的な財政赤字は、一時的な資金移動で凌がれており、この状況が持続することは不可能とされています​,https://www.jetro.go.jp/biz/areareports/2023/bcdf631c4ffdb352.html
北米,ハワイ（アメリカ）,鎮痛剤オピオイド危機が米国経済に与える影響,1999年以降、64万5千人がオピオイドの過剰使用により死亡。危機により雇用減少、社会保障への申請が増加し、生産性の低下、医療費の経済的コストが増加。労働力率の低下で企業は大きな被害を受けている。,https://www.cdc.gov/opioids/basics/epidemic.html https://www.brookings.edu/articles/the-economic-impact-of-the-opioid-epidemic/
北米,ハワイ（アメリカ）,米国での労働力不足問題と企業に与える影響,コロナ禍によりハワイ州の労働市場は混乱し、特に観光業を中心とする産業で労働力不足が顕著です。多くの労働者が退職し、企業は働き手を維持するための課題に直面。労働者はより良いワークライフバランスと企業文化を求め、働き方の変革が求められています,https://www.uschamber.com/workforce/understanding-americas-labor-shortage-the-most-impacted-industries
北米,ハワイ（アメリカ）,米国の高額な医療保険費が人々の生活を苦しめる,米国の中低所得層の市民は、医療保険費の高騰により医療費債務を背負い、必要な医療サービスを受けられない状況に苦しんでいる。債務額は880億ドルに上り、年間約53万人もの人が自己破産している。,https://www.forbes.com/sites/debgordon/2023/10/26/half-of-americans-struggle-to-afford-healthcare-costs-new-study-shows/?sh=342f70d35225 https://apnews.com/article/medical-debt-legislation-2a4f2fab7e2c58a68ac4541b8309c7aa
北米,ハワイ（アメリカ）,生成系AIによる米国選挙への影響,生成系AIの出現により、米国の選挙管理者は選挙への悪用に対処するという新たな課題に直面している。23年春ごろにはAIが生成したディープフェイク情報の拡散も顕在化。,https://apnews.com/article/ai-2023-artificial-intelligence-chatgpt-dangers-565ff5b817b5db0d4e74829ae3d68611
北米,ハワイ（アメリカ）,FEDの利上げによる中小企業への影響,米国のFEDは2023年インフレ対策と称した利上げを行った。特に資金調達に苦しむ中小企業が資産流動化やビジネス縮小に追い込まれ、資金繰りと成長維持が大きな課題となっている。,https://www.uschamber.com/small-business/the-biggest-challenges-small-businesses-are-facing-right-now-2 https://www.minneapolisfed.org/article/2023/rising-interest-rates-create-more-challenges-for-businesses
北米,カナダ,自家用車の価格高騰,"
新車・中古車購入者は、コロナ後の車の価格高騰と納車遅延に直面し、車の故障時にも高価格のため修理以外の選択肢が限られる状況にある。",https://www.cbc.ca/news/canada/calgary/alberta-cars-expensive-how-people-are-coping-1.7057068
北米,カナダ,カナダ: 公立学校におけるLGBT教育とムスリム移民の摩擦。,ムスリム移民による親権デモが東部で活発化。子弟に対し公立学校においてLGBTQ等の性教育を実施することに宗教上の価値観から反対。カウンターデモとの軋轢より社会の分断を生んでいる。,https://www.cbc.ca/news/canada/new-brunswick/what-makes-a-good-canadian-a-muslim-parental-rights-marcher-speaks-out-1.7067281
北米,カナダ,カナダ: 留学生の定住促進による経済の活性化,スタートアップを通じた経済活性化を図る為、優秀な留学生の定住政策を取っているが、留学生にとって十分な施策は取られていない。代表的な例では「公認移民コンサルタントの評価が不透明」などがある。,https://mangovisa.com/
北米,カナダ,電力不足で輪番停電の危機,1月の初め、アルバータ州に大寒波が到来した。アルバータ州の家庭は、厳しい気象条件と発電所の計画外停止による電力不足に直面し、輪番停電の危機が迫っている。大寒波による電力需要増加と発電所の供給力低下が要因であり、住民には電力の使用抑制が呼びかけられている,https://edmonton.ctvnews.ca/grid-alert-issued-as-alberta-sets-record-for-power-consumption-1.6724063
北米,カナダ,技能士の不足,カルガリーでは、さまざまなスキルをもった技能士が不足している。雇用を求める人は多くいるが、企業側が求めるスキルを持ち合わせていない場合がおおい。とくに若者は、建設関連の技能士に関心がなく、技能の継承が難しい状況である。,https://globalnews.ca/news/10207624/calgary-employment-situation-job-numbers-stall/
北米,カナダ,かかりつけ医の不足,アルバータ州では、かかりつけ医の減少が深刻な問題となっている。新規患者を受け入れている町医者の数が、直近3年で、80%程度減少した。大量の人口がアルバータ州に流入するなかで、新規医者の数が追いついていない。これはカナダにおける医療制度そのものが崩壊しつつあることを、意味している。,https://www.cbc.ca/news/canada/calgary/family-doctors-declining-availability-website-1.6983392
中南米,コロンビア,先住民族ワジューの手編みバッグの低収益性,南米コロンビアの北東部、カリブ海に面し、ベネズエラと国境を接するところにあるラ・グアヒラ県の先住民族ワジュー。伝統的な生業としては、農業・漁業・牧畜が主だったが近年の気候変動の影響や経済活動の変化もあり、今では都市部で生活する人びとも多く、賃金労働や観光業（ツアーガイドや宿泊所経営）の従事者もいます。また女性たちが編む手工芸品（ワジューバッグやモチーラと呼ばれる）が、土産物やファッションアイテムとして注目されつつあるが、手工芸品を取り扱う中間業者の中には、不当に安い値段で買い取るところもある。また、ワジュー女性の中にはかかった労働時間や糸などの原価を基に販売価格を決めていない人もいて、中間業者や観光客の言い値で売ってしまうがために、売れども売れども赤字となっていることもあるのが問題となっている。,https://aaluna.co/ja/our-people-2/
中南米,コロンビア,最高級コーヒー豆、利益は1杯2円以下,コロンビア西部の緑豊かな山岳地帯では最高級のコーヒー豆が栽培されているが、地元の生産者は不公正な価格にいら立ちを募らせている。業界に打撃を与える値崩れが起きているのは、市場最安値にまで価格を押し下げている投機家のせいだと農家は非難する。またエルニーニョ現象の影響で降水量が減り、コーヒーの生産量や質に悪影響をもたらすことから、ダブルパンチを受けており年々コーヒー農家の数が減っている。,https://www.afpbb.com/articles/-/3227759
中南米,コロンビア,世界ワースト4位の渋滞都市コロンビア首都ボゴタ,"ボゴタの人々は日々の通勤、移動に時間の 55% 以上を費やしている。これまでインフラ工事や道路網の改善などの複数の要因によって崩壊している首都の移動状況を改善しようとした。また月曜～金曜日において、ナンバープレート末尾が1～5の車両は偶数日、6～0の車両は奇数日に、午前6時から午後9時まで走行できなくなる。違反者には52万2,900ペソ（約1万5,687円、1ペソ＝約0.03円）の罰金が科されるだけでなく、車両は交通局管轄の指定場所へ牽引されるなど厳しい決まりを設けているが市民たちは猛抗議を行い両社の間で改善されない溝が長年続いている。",https://www.jetro.go.jp/biznews/2023/01/cff2f816a81155e6.html
中南米,パナマ,パナマ運河が水不足により通行制限,現地の貿易業界は、厳しい乾季の影響でパナマ運河の湖面が低下し、大型船の通行が困難になる問題に直面しています。これにより、米国向けの輸出入が遅延し、貿易活動に大きな障害が生じています。,https://www3.nhk.or.jp/news/html/20231102/k10014245241000.html
中南米,パナマ,道路が穴だらけで交通渋滞,パナマ市のドライバーは、過去20年間で増加した車両数による交通渋滞に悩まされています。政府の一方通行対策にもかかわらず、道路の穴が原因で交通の流れが滞り、事故やさらなる渋滞のリスクが高まっています。,https://www.telemetro.com/nacionales/movimiento-panama-huecos-sigue-reparando-las-calles-n5908629
中南米,パナマ,中米のカカオ危機,中米のカカオ農園経営者は、湿度の高い熱帯雨林で農薬を使わずに栽培することで生産性が低下し、持続不可能な農園がカカオ木を伐採して別の作物に転換しているため、カカオ危機に直面しています。これは地域固有のカカオ品種の減少、世界のチョコレート価格の高騰、生産関連者の失業など、チョコレート市場に大きな影響を与える可能性があります。,https://cadenacacaoca.info/CDOC-Deployment/documentos/OfertaMundial_Tecnol_Cacao.pdf
中南米,ブラジル,ファベーラ（貧民街）のインフラ整備が進まない,ファベーラ（貧民街）住民は、インフラ整備が進まず貧困・衛生・エネルギー・犯罪などの劣悪な生活環境課題が続いている。,https://habitability.com.br/energia-solar-bairro-do-interior-de-sp-sera-1o-autossustentavel-da-america-latina/
中南米,ブラジル,奴隷貿易時代から続く深刻な人権問題,ブラジルの黒人コミュニティは奴隷貿易時代から続く深刻な人権問題に直面し、加えて環境破壊の影響も受けており、これらの課題に対する意識と解決策を見出すための支援が求められている。,https://www.cafequilombo.com.br/nosso-quilombo
ヨーロッパ,イギリス,後継者問題に悩む英国の伝統工芸,イギリスのナローボート造船業を含む伝統工芸従事者が、ブレグジットとエネルギーコストの上昇で労働者不足と採算問題に直面し、廃業や後継者不足により絶滅の危機に立たされている。,https://www.theguardian.com/culture/2023/may/11/hedging-boat-building-brexit-covid-british-crafts-at-risk
ヨーロッパ,イギリス,住宅建設に関わる職業従事者の不足問題,イギリスの住宅建設職人、特に屋根瓦やレンガ、プラスター職人、大工がブレグジットと移民制限の影響でヨーロッパからの職人不足に直面し、労働力の枯渇が始まっている。,https://roofingtoday.co.uk/roofers-added-to-uk-shortage-occupation-list/
ヨーロッパ,イギリス,デジタルデザインの人員不足による外注ビジネスの需要増,コロナウイルスのロックダウン後、イギリスのウェブデザイン会社は人手不足と締め切りの圧力に対応するため、時差を利用して24時間稼働できる海外会社に業務を外注する必要が出てきた。,https://www.netmatters.co.uk/is-the-uk-experiencing-a-digital-skills-shortage
ヨーロッパ,イギリス,犬の一日ケア,ロックダウン以降イギリスでは子犬を飼う人の数が増加した。多くの会社が出社を義務付けるようになったことで、室内飼いの犬を通勤日に預ける必要がある人が増加し、犬の1日ケア会社の需要が高まっている。,https://www.bbc.co.uk/news/uk-england-nottinghamshire-58280724
ヨーロッパ,イギリス,ヒートポンプ施工職人の不足,2022年5月よりイギリス政府はボイラーアップグレードスキームと称しヒートポンプを導入する家庭に援助金支払ってきた。その影響でヒートポンプ需要が増し、ヒートポンプ施工職人不足が浮き彫りになっている。,"https://www.gov.uk/government/news/heat-pump-applications-surge-after-increase-in-government-grant#:~:text=The%20number%20of%20new%20applications%20to%20the%20government%27s%20Boiler%20Upgrade,than%20the%20previous%20weekly%20average."
ヨーロッパ,イギリス,倫理的なビジネスの需要の高まり,2023年のイギリスでは、消費者が経済的不況の中でもフェアトレードやエコ商品への需要を高めており、事業者はこの持続可能性への高まる関心にどう対応するかが課題となっている。,"https://www.manchester.ac.uk/discover/news/study-show-how-ethical-brands-fare-in-a-recession/#:~:text=The%20research%20has%20demonstrated%20that,a%20major%20UK%20supermarket%20chain."
ヨーロッパ,イタリア,急増する心理カウンセリングの需要と療法士の不足および料金高騰,パンデミック後、イタリアでは特に高齢者や障害者の間でカウンセリングを必要とする人が急増しています。しかし、公的機関では心理療法士が不足し、高額な治療費が課題となっており、必要とする高齢者や障害者の4分の1が経済的な理由でカウンセリングを受けられていない状況,https://www.sullorlodellapsicologia.it/emendamento-bonus-psicologo-un-italiano-su-quattro-non-ha-soldi/
ヨーロッパ,イタリア,地中海に流出する海洋プラスチック,年間合計229千トンにのぼる地中海へのプラスチック流出量が最も多い10都市のうち、ローマ、ミラノ、トリノ、パレルモ、ジェノバの5都市がイタリア。環境が破壊され脆弱な海洋生態系が深刻な脅威を受けている。,https://www.rainews.it/articoli/2022/02/plastica-wwf-roma-la-citt-pi-inquinante-del-mediterraneo--7e1d8103-4826-4530-8f24-d2182d51531a.html
ヨーロッパ,イタリア,フェミサイドにより両親を失った子供達の保護とケア,イタリアでは毎年約250人の子供がフェミサイドにより母親を殺され、犯罪者となった父親の保護を受けられず「特別孤児」となっている。当面の心理的経済的な支援や、その後の家庭内暴力の連鎖予防にも投資が必要。,https://www.vaticannews.va/it/mondo/news/2022-02/minori-vittime-femminicidio-genitore-societa-civile.html
ヨーロッパ,イタリア,特異的学習障害を持つ児童が10年間で3倍に増加,イタリアの教育関係者や保護者は、ADHD、自閉症、難読症等の障害を持つ児童の認定数が過去10年で39.9％増加し、精神医学的診断の急増による過剰認定の懸念と、これらの児童に対する適切なケアや支援の提供が急務な課題に直面している。,https://www.orizzontescuola.it/boom-di-alunni-con-dsa-numeri-triplicati-negli-ultimi-10-anni-lesperto-non-e-nuova-pandemia-ma-maggiore-sensibilita-verso-il-problema/
ヨーロッパ,オランダ,オランダの住宅不足問題,以前から問題になっていた住宅不足問題は現在オランダ全土で約39万戸まで及んでいる。 問題としては、オランダの人口増加が市場問題に拍車をかける。オランダは欧州の中でも移民問 題を寛大に取り組んでいる背景がありシリア難民、ロシアのウクライナ侵攻をきっかけとした移 民の急増が原因あり、住宅数が足りていない。また、住宅価格(賃貸含む)の高騰により若い世 帯が購入・賃貸が難しい状況。さらに、世界的な金融緩和により住宅ローンは高止まりをしてい るため、住宅市場の鈍化、購買意欲を低下につながっている。,"https://www.capitalvalue.nl/en/news/housing-shortage-in-the-netherlands-will-increase-for-at- least-three-years-to-316000-homes-in-2024 https://www.iamexpat.nl/housing/real-estate-news/netherlands-short-390000- homes-2023#:~:text=Dutch%20housing%20shortage%20rises%20from%20315.000%20to%203 90.000&text=In%20the%20report%2C%20the%20Delft, %2C%20at%20%E2%80%9Cjust%E2%80%9D%20315.000."
ヨーロッパ,オランダ,オランダ全土で大規模な人材不足,コロナウイルスで一気に人手不足が深刻化、ホームセンター、洋服店、スーパーマーケットとうの 小売業界では人手不足により中高年齢者、オランダの移民の方々で穴埋めする事態となってい る。お客様コールセンターなども人手不足により電話が繋がりにくく、お問合せはかなりAIに依存 している。,https://nltimes.nl/2023/07/09/large-staff-shortages-lingering-everywhere-netherlands https://www.iamexpat.nl/career/employment-news/dutch-labour-crisis-continues-122-jobs- every-100-unemployed
ヨーロッパ,オランダ,オランダ政府の汚染排出量の削減に畜産分野が対象化,オランダ政府は、2030年までに窒素排出量を半減にする計画を立てている。自動車、建設機械等 から排出される汚染も深刻だが、畜産から排泄されるアンモニアが大きな問題となっており、オ ランダ政府はこれに畜産分野でアンモニア排出量を70%削減するように求めている。 これに農家が大きな反発を呼び過激なデモが各地で発生。,https://monoist.itmedia.co.jp/mn/articles/2308/04/news030_2.html
ヨーロッパ,スイス,スイスの時計産業にみられる衰退。ロレックスでは最近億単位の盗難が発生したりと試練が続く。,スイスの時計産業は、デジタル化の進展とオンライン市場での競争激化、盗難・紛失の増加などにより市場低迷の課題に直面しており、伝統的な時計製造技術と地域の文化遺産の維持が重要な焦点となっている。,https://www.autoritedelaconcurrence.fr/fr/article/lautorite-sanctionne-rolex-dune-amende-de-91-600-000-eu-pour-avoir-interdit-ses
ヨーロッパ,スイス,スイス製薬会社に衰退の影,これから5年以内に医療テクノロジーは大きく進化し、今の医療体制は時代遅れになると言われている。現在市場での薬品不足がスイスでも大きな問題になっている。また現在では医療関係分野、製薬会社も人手不足に陥っている。政治面で何度も大きく直面している問題はこの人手不足を移民（EU近隣諸国からの移民）で補うかもしくは否かという点で、左派と右派が対立している。特に専門分野での労働者や、技術者が目立って不足している。この状況は、治療を受けている患者や医療関係分野の労働者たちにも大きな問題となっている。,https://www.swissinfo.ch/ger/big-pharma_was-steckt-hinter-dem-grossen-stellenabbau-bei-novartis-/47743082 https://www.swissinfo.ch/ger/nach-abspaltung-von-novartis-will-sandoz-generika-profitabler-machen/48895324
ヨーロッパ,スイス,スイスチーズ産業　衰退の陰,スイスのチーズ産業が外国産チーズとの価格競争と多様な消費者ニーズに直面し、国内のチーズ製造者や酪農家が経済的・文化的課題に苦しんでいる。スイス産チーズが売れなくなった事で、酪農家の数は、農家の2倍のペースで毎年減っている。,https://www.swissinfo.ch/ger/schweizer-kaese-tradition-unter-druck-/48826962
ヨーロッパ,スペイン,汚染水の除染、飲み水の確保,カタルーニャ州とアンダルシア州の住民は、雨が降りにくい気候で水不足に悩まされている。限りある水資源を活用するため、汚染水の除染、ペットボトル廃棄による環境汚染といった問題に直面している​。,https://ejecutivos.es/noticias/una-startup-espanola-patenta-la-primera-botella-portable-que-purifica-el-agua-con-ozono/
ヨーロッパ,スペイン,OECD内で最悪の失業率,スペインの若年層（特に25歳以下の女性）は、2008年の経済危機以降、OECD内で最悪の失業率に直面しており、その改善が急務である。,https://www.elmundo.es/economia/2023/04/13/6437d4a5fdddff99a48b4599.html
ヨーロッパ,スペイン,スペイン大都市での家賃の高騰,マドリードとバルセロナの住民は、観光客向けの賃貸が普通の賃貸を減らし、都市部人口増加に供給が追いつかず、過去10年で家賃が66.2%上昇したため、家賃高騰に直面している。,https://cincodias.elpais.com/economia/2023-12-28/el-precio-del-alquiler-en-espana-repunta-un-10-en-2023.html#
ヨーロッパ,スペイン,水資源の節約、土壌保護,スペインは、1980年代から極端な気温上昇、海面上昇、干ばつの増加、砂漠化（イベリア半島のアフリカ化）、熱波、熱波による山火事の増加、厳冬化などの気候変動に苦しんでおり、これに対応するため水の節約や土壌保護などの対策が求められている。,https://www.nationalgeographic.com.es/ciencia/el-cambio-climatico-secara-espana-_18111
ヨーロッパ,スペイン,スペイン独居老人問題,スペインの家族がいない65歳以上の高齢者は、若い世代との交流や、一時的な家族としての受け入れを通じた長期的な交流を求めている。,https://www.businessinsider.es/adopta-abuelo-startup-social-soledad-ancianos-750127
ヨーロッパ,デンマーク,冬の日照時間の短さによる冬季うつ病,冬の日照時間が短いデンマークでは人口の2％が冬季うつ病である。コペンハーゲンの25歳から54歳の成人は、冬の短い日照時間により冬季うつ病や季節に関連した精神的、身体的な負担を感じており、人口の約10％が症状を訴え、12％が大きな負担を感じている,https://www.dr.dk/nyheder/viden/kroppen/bliver-du-vinterdeprimeret-her-er-de-raad-der-rent-faktisk-kan-hjaelpe-dig
ヨーロッパ,デンマーク,若い女性の自殺数が増加傾向にあり、過去最悪の数を記録,デンマークでは年々若者の自殺未遂件数が増えており、特に20歳から24歳の若い女性の自殺未遂件数がその他の人口の2倍以上となっており、実際の自殺者数は2020年には前年の5人から17人と大幅に増加した,https://www.dr.dk/nyheder/indland/selvmord-blandt-unge-kvinder-er-det-hoejeste-i-20-aar-det-er-bekymrende-vi-har-saa
ヨーロッパ,デンマーク,農業における労働人口が減少傾向にあり、人手不足に直面している,デンマークでは農業従事者の57％が外国人労働者であるが、現在雇用の伸び率が減少傾向にありとりわけデンマーク人労働者は年々減少している。2030年には約2200人の熟練労働者が不足すると予測されている,https://landbrugsavisen.dk/dansk-landbrug-mangler-nu-b%C3%A5de-dansk-og-udenlandsk-arbejdskraft
ヨーロッパ,デンマーク,メンタルヘルスの問題が深刻で人口の10％が苦しんでいる,デンマークではメンタルヘルス疾患が深刻で、現在人口の10％が患っており、確認されている全ての病気の25％がメンタルヘルスに起因するものだ。特に16歳から24歳の若年層の約25％が精神疾患の病気に苦しんでいる。,https://cphpost.dk/2022-01-14/news/every-tenth-person-in-denmark-struggling-with-mental-health-issue/
ヨーロッパ,デンマーク,市役所職員の病欠日数が増加し、平均14日ごとに病欠で休んでいる,市役所職員の病気休暇の取得が増加しており、2022年の調査によると職員が平均14日ごとに病気休暇をとっていることが明らかになった。特に工業都市で有名なカルンボー市役所では12日ごとに職員が病気休暇をとっている,https://nyheder.tv2.dk/samfund/2023-06-18-sygefravaeret-i-kommunerne-stiger-her-er-det-saerligt-slemt
ヨーロッパ,デンマーク,人手不足による仕事量の増加でストレスに悩む従業員が増えている,デンマークの企業は経済成長に伴う労働市場の引き締まりから人手不足が深刻化し、63%が労働力不足を経験。これにより既存従業員の仕事量増加が原因で、職場のストレスやプレッシャーが増大している。,https://nyheder.tv2.dk/business/2023-08-18-manglende-arbejdskraft-har-sat-skub-i-bekymrende-udvikling-det-er-en-ond-cirkel
ヨーロッパ,ドイツ,プラスチック使用の削減及び、代替品の採用,ドイツでは、環境保護と資源の持続可能性に対する国民的な意識が高く、プラスチックを利用する企業はプラスチックの代替品採用や再利用可能な容器への転換といった課題に直面している。,https://www.bundesregierung.de/breg-de/schwerpunkte/klimaschutz/mehrweg-fuers-essen-to-go-1840830
ヨーロッパ,ロシア,日本からロシアへの国際送金の課題,ウクライナ侵攻後、ロシアに対する金融制裁でクレジットカード使用停止やSWIFT締め出しにより、在留邦人・在留外国人・ロシア国民は金融アクセスが困難になったことで、ロシアから撤退せず、ロシア国内で営業活動を続けている日本企業や、在留邦人、在留外国人は、活動継続のために海外からの資金を必要としている。,https://www3.nhk.or.jp/news/special/sakusakukeizai/20220303/473/
ヨーロッパ,ロシア,日本からロシアへの荷物発送の問題,ロシアからはFEDEXやDHLなど多くの国際輸送会社が撤退し、また日本郵便は船便も含めロシアへの荷物配送を完全に停止している。ロシアでは、モスクワやサンクト・ペテルブルグを中心に、アニメや伝統芸能をはじめとした日本文化を愛する良識あるロシア人も、若年層を中心に数多い。そうした人たちに、日本の文化的な物資を届ける方法が限りなく制限されている。,https://www.post.japanpost.jp/int/information/overview.html
ヨーロッパ,ロシア,ロシア商品の仕入れと日本への発送の問題,ウクライナ情勢の影響で、ロシアで販売している商品の仕入が難しくなった。ロシア国内で商品の数が限られたり、欠品となることも激増した。同時に、日本においても、ロシア商品の排斥の動きが広まってきた。また、目まぐるしく変わるロシアの国内法や、郵便ルールの制限により、ロシア商品を国外へ輸出しづらくなる傾向にもある。このことは特に、ロシアから商品を輸入し販売する小売店に大きな影響を及ぼしている。,https://www.tdb-di.com/special-planning-survey/sp20220516.php
ヨーロッパ,ロシア,ロシア国内におけるLGBTの問題,ロシア国内のLGBTら性的少数者は、ウクライナ侵攻後の政治的緊張の中で標的となり、集会の禁止やコミュニケーション制限により、基本的な医療や情報アクセスが困難になるなど、深刻な人権侵害に直面している。,https://jp.reuters.com/article/russia-rights-lgbt-idJPKBN2XM0AF/ または、https://news.ntv.co.jp/category/international/326493e0880f419987eaf02f1bffde3c
ヨーロッパ,ロシア,サンクト・ペテルブルグへの水道技術輸出の課題,ロシアのウクライナ侵攻後、大阪府からサンクトペテルブルグへの水道技術輸出計画が中断し、同地域は水質問題と厳しい冬季の気候に対応する新たな対策の検討が必要な状況に直面している。サンクト・ペテルブルグはモスクワに次ぐ国内大都市とはいえ、水道水は「コカ・コーラ」と揶揄されるほどだ。,https://www.city.osaka.lg.jp/kensetsu/page/0000490834.html
ヨーロッパ,ロシア,日本の高品質な生理・介護・ベビー用品が入手困難に,ウクライナ侵攻の影響で欧米のドラッグストア製品が消え、特に品質の高い日本製おむつなどが高額輸入品となり、実質価格が2-3倍に跳ね上がるなど、生活必需品の入手困難が消費者に大きな負担をかけている。,https://www.nikkei.com/article/DGXZQOUC11BZE0R10C22A3000000/
ヨーロッパ,ハンガリー,小規模農家の課題,ハンガリーの小規模農家は、技術や市場アクセスの不足により経済的な不安に直面し、その結果、地域経済も低迷している。,https://core.ac.uk/download/pdf/144445224.pdf
ヨーロッパ,セルビア,農業労働者の劣悪な労働条件と低収入,"セルビアの農業農村地域では、農業労働者は劣悪な労働条件と低い収入に直面している。政府が支援提供を試みてはいるが、異常気象による自然災害と若者の農業離れにより、彼らの生活向上が難しい状況である。 ",https://www.slobodnaevropa.org/a/galerija-protest-poljoprivrednika-srbija/32683006.html
ヨーロッパ,セルビア,高い失業率,"セルビアの若者と低所得者層が、国内全域で高い失業率に直面している。政府と地方自治体が支援金を提供し、企業が対策を模索しているが、経済的制約により改善が難しい状況である。 ",https://www.blic.rs/biznis/pomoc-drzave/ako-ostanete-bez-posla-imate-pravo-na-pomoc-drzave-i-do-51905-dinara-mesecno-ovo-su/dg84q99
ヨーロッパ,セルビア,教育資源の不足と低報酬,"セルビアの教育関連職は、国内全域において、教育資源の不足と低い報酬に直面している。教育省と学校組織が改善を試みているが、予算制約と教育制度の遅れにより、教育の質向上が困難な状況にある。 ","https://www.euronews.rs/srbija/drustvo/76939/zacarani-krug-srpske-prosvete-tuce-na-casu-ponizavanje-nastavnika-nezadovoljni-roditelji-a-znanje-dece-sve-upitnije/vest  "
ヨーロッパ,フランス,壊れた家電の廃棄問題,フランスは家電の修理がかなり高価で、時間もかかるため、中・低所得層の家庭では多数の家電が廃棄されています。,"https://www.ordif.fr/fileadmin/DataStorage/user_upload/Notice_REP_REP_DEEE_.pdf, https://www.sos-accessoire.com/?msclkid=31b6e7de08b014f383b5827bded37c38"
ヨーロッパ,フランス,移民層における教育格差,フランスでは、移民を含む一部の家庭の子供が、親の教育への無関心により高等教育へのアクセス機会を失っている問題があります。,https://www.nomadeducation.fr/nos-engagements/reussite-scolaire
ヨーロッパ,フランス,空室率に悩まされるホテル経営者,観光大国フランスには多数のホテルがあることから、ホテル運営事業者は慢性的に高い空室率に悩まされています。,https://www.dayuse.fr/
ヨーロッパ,ラトビア,風力発電および自国のエネルギー源の確保,ラトビアのエネルギー企業は、ロシアのエネルギー源、特に天然ガスと電力への依存を削減する課題に直面しています。ウクライナ侵攻を受け、信頼性が高く経済的に実現可能なグリーン電力への転換が急務となっています。," https://eng.lsm.lv/article/economy/economy/latvias-dependency-on-russian-energy-is-overstated-says-em.a446689/ https://www.eiu.com/n/baltic-states-ramp-up-investment-in-energy-sector/"
ヨーロッパ,ラトビア,ドローンビジネスの技術的課題、安全規制や運用コスト,ラトビアのドローン技術企業は、ドローンを用いた風力タービンのメンテナンスや建設データ収集にチャレンジしていますが、精密な飛行制御やデータ分析の精度向上など技術的課題と、安全規制や運用コストの最適化といった運用の課題に直面しています。,https://www.awex-export.be/files/library/Infos-sectorielles/PECO/2017/LETTONIE/Fiche-Drones-Latvia-2016.pdf
ヨーロッパ,ラトビア,効率的かつ持続可能なリサイクルシステムの構築,ラトビアの小売業者は、飲料包装のリサイクル率を向上させるためにデポジット制度を導入しましたが、適切な回収と処理システムの確立や消費者の参加意識の向上など、効率的かつ持続可能なリサイクルシステムの構築が課題となっています。,https://eng.lsm.lv/article/society/environment/latvias-deposit-system-101-what-where-and-how.a441369/
ヨーロッパ,ラトビア,少子高齢化,ラトビアは、少子高齢化により、労働力不足と人口減少という深刻な課題に直面している。少子化に加え、若年層が高収入を求めて他国に移住する傾向がある点も課題である。,https://eng.lsm.lv/article/society/society/205--of-latvian-population-was-aged-65-or-over-in-2020.a423047/
ヨーロッパ,ラトビア,高アルコール摂取量と疾患,ラトビアでは社会的・文化的背景によりアルコール消費が国民生活に根ざしており、その結果、OECD諸国中最も高いアルコール消費量を記録し、健康問題やアルコール依存症の増加という深刻な課題に直面している。,"https://www.nordicalcohol.org/post/the-economic-and-social-impact-of-alcohol-consumption-in-latvia#:~:text=Latvia%20stands%20at%20an%20alarming,%2C%20malignancy%2C%20and%20cardiovascular%20diseases."
ヨーロッパ,ラトビア,シェアサイクル・電動スクーター普及に伴う交通規制や安全面についての課題,ラトビアでは、Boltのタクシーやシェアリングカーをはじめ、電動スクーターや自転車の数が急増し、若年層を中心に、１０代から５０代まで幅広く利用されているが、交通規制や安全面についての課題に直面している。,https://bolt.eu/en/scooters/　https://www.nextbike.lv/  https://eng.lsm.lv/article/economy/transport/17.01.2024-helmets-will-be-mandatory-for-young-cyclists-and-scooter-riders-in-latvia.a539202/
アジア,インドネシア,新首都の人口急増予測に伴う廃棄物処理への懸念,2045年までにインドネシアで6番目に大きい都市になる新首都ヌサンタラでは急激に人口が増えており、未発達なゴミ管理インフラによるゴミ問題に直面している。,https://www.eco-business.com/news/indonesias-waste-opportunity-could-the-new-capital-be-a-role-model-for-trash-management/
アジア,インドネシア,電力の約8割は石炭火力発電で、大気汚染の引き金になっている,インドネシアのジャカルタ市民は、化石燃料に依存する電力供給が国の気候変動目標を損ね、彼らの生活環境に致命的な大気汚染をもたらしている問題に直面している。電力の約8割は化石燃料で発電されており、その大部分は石炭火力発電所で発電されている。,https://www.eco-business.com/news/can-indonesia-deliver-a-green-power-plan-for-the-people/
アジア,インドネシア,ヌサンナラ市の人材整備課題,新首都ヌサンタラは2045年までにインドネシアで6番目に大きい都市になる。ヌサンナラ市民は、2045年までの22年、その戦略を担う人材を早急に整える必要がある。,https://www.indonesiasoken.com/news/the-education-gap-between-urban-and-rural-areas-in-indonesia-and-the-indonesian-governments-vision/
アジア,インドネシア,小規模パーム農園の収益低迷,インドネシアはパーム油の世界最大の輸出国。インドネシアの小規模パーム農園の農家は、政府が補助化学肥料の対象品リストからパーム油を除外することを検討しているため、肥料や除草剤の購入資金や栽培知識の不足、効率的な販売ルートの欠如により生産性と収益が低迷している。,https://www.eco-business.com/news/loss-of-palm-oil-fertiliser-subsidies-leaves-sumatras-farmers-reeling/
アジア,カンボジア,カンボジアの伝統手工芸品、シルクイカット消滅の危機,シルクイカットは国内非営利組織の十数社によって保存されており、消滅の危機にある。台頭する海外シルク市場によって衰退の危機にあり、働く人々の雇用は縮小せざるを得ない状況に迫られている。,https://www.voacambodia.com/a/traditional-cambodian-silk-ikat-at-risk-of-extinction/5858988.html
アジア,カンボジア,カンボジアの衣料・履物・旅行用品関係労働者の経済的課題,カンボジアの衣料・履物・旅行用品（GFT）部門は輸出需要の減少に伴い、多くの労働者が職を失った。失職した労働者への支援を行うものの、工場の閉鎖や雇用喪失がさらに増加することが懸念されている。,https://cjbi.asia/jp/detail/1470
アジア,カンボジア,コロナで計画が頓挫し廃墟化したシハヌークビル,シハヌークビルではコロナ以前に中国人投資家によって建設中であった建物が現在も手付かずのまま残り、廃墟化した建物が景観の妨げとなっている。またビルの崩壊によって作業員が巻き込まれるなどの被害も出ている。,https://www.voacambodia.com/a/cambodia-s-gambling-hotspot-reduced-to-ghost-buildings-/7227715.html
アジア,タイ,外食文化による生活習慣病の拡大,バンコクの若年層は外食や中食が中心で、栄養学の知識が乏しいため、栄養バランスが悪く、その結果、糖尿病や腎臓病患者が増加している問題に直面している。,生活習慣病患者の拡大 https://www.thaipbs.or.th/news/content/321471  多くの僧侶も糖尿病に苦しむ現状 https://x.com/thaipbs/status/1419098206793732098?s=46&t=Y8QOkhRcqwvUUJDo-si6OQ  政府機関の食事の栄養バランスを気をつけるよう国民へ喚起する広告 https://youtube.com/watch?v=y3WLXfkmEfI&feature=shared
アジア,タイ,タイで毎年乾季の時期に発生するPM 2.5問題,主に2月から6月までタイの首都バンコク、北部チェンマイ周辺で発生する大気汚染。風や雨が降らない時期の焼き畑、建設現場での粉塵、排気ガス等が原因による。特に乳幼児や高齢者の呼吸器系に悪影響を与える。,タイでのPM2.5の現状、原因 คำเตือนซ้ำซากเมื่อฤดู ฝุ่นควัน PM 2.5 มาถึง PM2.5により引き起こされる症状 https://x.com/thaipbs/status/1745537312023540218?s=46&t=Y8QOkhRcqwvUUJDo-si6OQ
アジア,タイ,生鮮市場の衰退による商人、トゥクトゥク運転手の減少,バンコクの市場の商人やトゥクトゥクの運転手は、消費者が大手スーパーやネットで生鮮食品を購入することが増えたため、客足が減り、収入に大きな影響を受けている。,タイの生鮮市場の現状 ตลาดสดกำลังเหงาหงอย : อะไรคือเหตุผลจริงๆ?
アジア,タイ,訪タイ中国人観光客減少で観光業界全体の低迷,旅行業も回復の兆しがあるがタイでは依然中国人旅行者がコロナ前のように戻ってきていないため観光客向け小売業、ホテル、サービス業に影響が出ている。原因は複数あるが、一番は中国内の景気悪化。,中国人観光客がタイへ戻らない様々な理由 จีนติดหล่มเที่ยวไทย วีซ่าฟรีไม่ช่วย พลาดเป้า 5 ล้านคน ททท.เร่งฟื้นเชื่อมั่น  タイ、中国人観光客へのビザ免除を検討 https://www.nna.jp/news/2609043
アジア,タイ,善良な市民が傷つけられ続け、ようやく始まった銃規制,タイでは銃による事件が相次いでおり、直近では14才の少年により無関係の市民、外国人労働者、中国人観光客が犠牲になった。この事件の影響もあり訪タイ中国人観光客の減少が以前続いている,"昨年10月に都内デパート内で起きた14歳少年銃撃事件 เหตุยิงสยามพารากอน: เสียชีวิต 2 ราย บาดเจ็บ 5 ในเหตุคนร้ายใช้อาวุธยิงกลางห้างพารากอน - BBC News ไทย  この事件を受け、短期的に銃規制を決める มท.1 งัดยาแรง 8 ข้อคุมปืน ""งดออกใบอนุญาต"" ทุกประเภท | Thai PBS News ข่าวไทยพีบีเอส"
アジア,タイ,世界で最も美しいお祭りコムローイによる弊害,毎年11月満月の日にタイ北部で行われる代表的なお祭りコムローイ。和紙でできたランタンに着火し夜空に飛ばすと幻想的で観光客に人気となりイベント化。しかし周辺での火事や飛行機の欠航、ゴミ処理が問題となっている,コムローイのランタンによるチェンマイの火災 https://youtu.be/fG7FPDqKm6w?feature=shared  お祭り後に各地に残る電線に絡まるランタンの残骸 ซากโคมลอยฉลองเคาท์ดาวน์ปีใหม่ ข้ามวันแล้วยังเกลื่อนเมืองเชียงใหม่
アジア,フィリピン,都市部の生鮮食品高騰,マニラ中心部の住民は、東京中心部と同等かそれ以上の価格でしか一般的な野菜を購入できず、生活費の高さに苦しんでいる。,https://halohalo-net.com/price-ph-jp/
アジア,フィリピン,中間層～富裕層向けの人工透析施設,フィリピンでは人工透析を必要とする患者が増えており、施設は存在するものの病床が限られており、患者は高額な治療費か劣悪な環境を選ばざるを得ない状況にある。,https://openjicareport.jica.go.jp/pdf/12300711.pdf
アジア,フィリピン,健康維持、美容効果の高いサプリメント不足,フィリピンの中間層から富裕層の消費者は、SNSを通じて流通する中国・韓国の偽サプリメントの蔓延により、健康美容製品選びで実効性のない商品を購入し被害を受けている。,https://www.jetro.go.jp/biz/areareports/2019/e3480a8c103f041e.html
アジア,フィリピン,フィリピンのカカオ農園機会損失,フィリピンは高級カカオの育成に恵まれた気候条件にもかかわらず、旧来型の農法のみで、生産性が上がらずかつ生産量も安定せず、カカオ市場と見なされていない（世界シェア1％以下）ため、農家の機会損失が生じている。日本も、最も近隣の生産国なのに取引できない。一方、イスラエルのハイテク技術を使ったベンチャーカカオ農場がマニラ近郊に登場した。フィリピンにはクリオロという最高品種のカカオが生産されているが、病害虫や気候変動に弱いものの、旧来型農法しか行われていない。,https://mini-mal.tokyo/blogs/journal/%E4%B8%96%E7%95%8C%E3%82%AB%E3%82%AB%E3%82%AA%E7%B4%80%E8%A1%8C-%E3%82%AB%E3%82%AB%E3%82%AA%E6%96%87%E5%8C%96%E3%81%8C%E6%81%AF%E3%81%A5%E3%81%8F%E5%B3%B6-%E3%83%95%E3%82%A3%E3%83%AA%E3%83%94%E3%83%B3
アジア,フィリピン,マニラの劣悪な交通渋滞,"マニラには地下鉄が一本もなく、現在アジア最悪の交通渋滞となっている。プレートNOで運転不可の日を一日設けている。マニラ周辺の住民、労働者全員が、通勤時間に多くの時間を費やすこととなり、労働生産性、生活水準の低下につながっている。地下鉄はもともと日本がODA,JICAを通じて1本目を工事中であるが、土地が私有財産制度であり、地上げに対して寛容なこともあり、本来コロナがなければ2025年に完成していたが、今の見通しでは2030年以降になる模様。それ以外の具体的地下鉄計画はまだない。",https://ijuusya.com/manila-traffic.html
アジア,フィリピン,ベンチャーを育成する全体的な仕組みが国として欠如している,民主主義とは言え、古い財閥が強く、名門大学、大企業には大半がコネで入る社会において、自分で操業を目指す若者が多い（国の平均年齢24歳）。しかしながら、ベンチャー立ち上げから上場まで伴奏できるような教育機関や、国のバックアップ機関が少なく漸くいくつか始動しているが圧倒的に足りない。ベンチャーに投資するよりは不動産ということで、国内エンジェルが集まりにくい。かといって、国としての支援も貧弱で、さらに慣例として国際的な会計基準からは程遠く、二重帳簿が当たり前の気にであり、海外投資家からの信頼が少ない。よって、資金調達にも苦労する。結果として意欲とアイデアのある若者の成長の芽を摘んでいる,https://www.realtech.holdings/1022/
アジア,バングラデシュ,技術普及の遅れとデジタル教育の不足,バングラデシュの農村地域および都市の貧困地域の住民は、技術普及の遅れとデジタル教育の不足により、必要なデジタルスキルが身につかず、雇用機会の減少につながる課題に直面している。,https://www.mofa.go.jp/mofaj/gaiko/oda/shiryo/hyouka/kunibetu/gai/bangladesh/kn01_01_0203.html
アジア,バングラデシュ,教育と労働市場のマッチングの課題,バングラデシュの都市地域の学生、求職者、雇用主は、教育と労働市場の不一致に直面しており、スキルや必要な資格の不足が雇用の大きな障害となっているため、教育制度と労働市場の調整が緊急に求められている。,https://www.unicef.or.jp/kodomo/poster2020/bangladesh.html
アジア,バングラデシュ,政治不安定に伴う投資リスクとビジネス環境の悪化,バングラデシュの企業経営者は、政治不安定に伴う投資リスクとビジネス環境の悪化に直面しており、確かな政治情報を提供するプラットフォームの確立が急務となっている。,https://www.dlri.co.jp/report/macro/302288.html
アジア,バングラデシュ,人口増加とインフラ・生活環境の悪化への対策,バングラデシュの都市部に住む市民は、人口増加と急速な都市化により、適切なインフラ整備が追いつかず、生活環境の悪化に直面している。,https://www.jeef.or.jp/child/satocolumn2_1/
アジア,バングラデシュ,気候変動による自然災害への防災体制強化,バングラデシュの地域住民と緊急対応機関は、気候変動により洪水やサイクロンが頻発する地域で、自然災害の脅威に直面しており、防災体制の強化が急務となっている。,https://www.dpri.kyoto-u.ac.jp/nenpo/no46/46b0/a46b0t02.pdf
アジア,バングラデシュ,医療サービス不足と感染症リスク,バングラデシュの農村地域では、一般市民と医療従事者が医療資源の不足とアクセス制約により、医療サービス不足と感染症リスクに直面しており、これが深刻な課題となっている。,chrome-extension://efaidnbmnnnibpcajpcglclefindmkaj/https://www.jstage.jst.go.jp/article/srs/35/4/35_4_1121/_pdf
アジア,ベトナム,ベトナムのペット事情と市場拡大における課題,ベトナムでは生活水準の向上とペット文化の発展によりペット産業が拡大しているものの、ペットフードやケア製品の国産化や流通の多様化が不十分で、海外依存度が高いため、国内ペットオーナーは供給の安定化と環境保護対策の強化を求めています。,http://imc.net.vn/events/learn-with-imc-the-pet-industry/?lang=en
アジア,ベトナム,ベトナムの廃棄物処理事情と家庭ゴミの削減,ベトナムでは、特に都市部の住民が毎日発生する6万トンの家庭ゴミ処理に苦慮しています。このゴミの70％が埋立処理され、土壌や水質汚染を引き起こし、焼却処理も技術不足で困難。リサイクル活動が持続性を欠く中、効果的なゴミ処理と環境保護のための新しいアプローチが求められています。 ​,"https://quochoi.vn/tintuc/Pages/tin-hoat-dong-cua-quoc-hoi.aspx?ItemID=82916#:~:text=Hi%E1%BB%87n%20nay%2C%20Vi%E1%BB%87t%20Nam%20%C4%91ang,ch%C3%B4n%20l%E1%BA%A5p%20h%E1%BB%A3p%20v%E1%BB%87%20sinh."
アジア,ベトナム,ベトナムの高齢化事情：介護施設＆介護人材の強化は急務,"ベトナムで高齢者人口が増加する中、特に医療・介護施設の管理者や職員は、看護師や介護士の深刻な不足に直面しており、教育訓練施設の不足と海外経験者の活用が進まないため、人材育成と雇用創出に向けて政府や教育機関と連携し対策を迫られています。 ",https://nhandan.vn/tang-cuong-dich-vu-y-te-cho-nguoi-cao-tuoi-la-nhu-cau-buc-thiet-post781924.html
アジア,ベトナム,バイク運転時は、暑くても、遮光＆防塵＆防風対策が必須,ベトナムでは、炎天下であっても長袖の上着や巻きスカートを羽織る女性が多い。その目的は、日焼け防止、防塵（防臭）や防風が目的。暑さを和らげ、防風と吸湿を兼ね備えた素材で、デザインの良さが望まれる,https://thanhnien.vn/nang-nong-nhu-do-lua-mac-ao-chong-nang-khi-chay-xe-coi-chung-thang-gap-185230317114418676.htm
アジア,ベトナム,ベトナム人の健康志向と美容＆健康補助食品の現状,経済成長や可処分所得の増加に伴い、生きる為の食事だけでなく「健康や美しさ」への意識が高まっている。これまで主流だった漢方薬から輸入サプリメントへ市場ニーズは推移しているが、医薬品並みの基準や規制が無く、信頼できる情報も少ない,https://baocaobang.vn/-45722.html
アジア,メキシコ,行方不明者の増加,"メキシコのハリスコ州の住民は特に治安に悩まされている。直近６年間で2019年が一番行方不明者が多かったが、2023年は2019年並みだ。男性は1767人、女性は237人。生死を問わず見つかった人は2023年で約2000人。2018年から2023年で見つかった人の年齢は男性は15〜24歳、女性は15〜19歳が一番多かった。2023年12月31日までの行方不明者は14,459人。",https://sisovid.jalisco.gob.mx
アジア,モンゴル,世界一不味い料理,観光客が楽しむ料理がない。最近モンゴル料理が世界で一番不味い料理に選ばれました。内陸国ですので魚介類は輸入物しかありませんが、牛、羊、豚、鶏などが多く生息しています。しかし、羊や牛の肉は獣の匂いが強く、調理方法も茹でたり炒めるだけです。塩だけで味付けする人が多いため肉の臭みがさらに出てしまいます。夏には多くの観光客が来ますが、観光の醍醐味である料理を楽しむことが出来ません。,https://www.24tsag.mn/a/223912
アジア,モンゴル,日本の国土４倍の国での深刻な渋滞,ウランバートル市民は、渋滞による時間の浪費とストレスで日常生活に影響を受けています。モンゴルの人口の３分の２がウランバートル市に生活している為、深刻な渋滞が毎日のように発生しています。酷い時には歩いて５分の距離が車で１時間かかる時もあります。原因には駐車場が少ない事や交通ルールを守らない事があります。,https://ikon.mn/opinion/1ezw　https://montsame.mn/mn/read/330257
アジア,モンゴル,ロシアからの石油の輸入が遅れ、公共機関に影響,モンゴルのバス運行企業は、ロシアからの石油輸入遅延により、公共バスの便数を減らす決定を余儀なくされています。この措置は、政治的不和が原因で発生し、バスの混雑と市民の移動の支障を引き起こしています。,https://news.mn/r/2693469/
アジア,モンゴル,経済悪化により犯罪（スリ）の被害が増加,経済悪化に伴い、若者たちはスリに手を染め、特にスマホを狙った窃盗が増加しています。混雑するバス内では、防犯カメラがあっても犯罪を記録するのが難しく、さらに、カバンを切り裂かれるなどの手口も巧妙化しており、都市部の市民は日常生活での安全に不安を感じています。,https://gogo.mn/r/g7y5d
アジア,モンゴル,取り締まりを強化しても悪化する飲酒運転,モンゴルの都市部に住む人々は、警察の取り締まり強化にもかかわらず、飲酒運転の増加による交通事故の危険に直面しています。特に、飲食店や代行運転会社からの積極的な啓発が不足しているため、市民は日中も夜も特に慎重に行動する必要があります,https://news.mn/r/2637516/
アジア,ラオス,交通ルールの未普及と車輛の増加に伴う交通事故件数の増加,ラオスの都市部の若年層は、交通ルールの未普及、飲酒・ノーヘル運転、スマホ使用中の運転、安価な二輪EVの普及により、交通事故が増加し、安全な移動が困難な状況に直面している。,https://laotiantimes.com/2023/12/14/alarming-road-accident-statistics-prompt-stringent-measures-for-new-year-safety/?fbclid=IwAR1JDZG-dk_D6PCxvWU1_b_5jE4pPELVMBBIBOaLeNyWaetND74odRJfKVw
アジア,ラオス,乳幼児用食品に含まれる糖分・塩分過多と栄養に関する知識不足,都市部のラオスの親は育児への投資増加にも関わらず、栄養知識の不足で適切な乳幼児食品を選択できず、子どもの栄養状態に問題が生じている。,https://laotiantimes.com/2023/12/19/high-sugar-salt-content-in-infant-foods-across-seven-asean-countries-unicef-report-reveals/?fbclid=IwAR0nDzKEptnWeCTFY0x87ksOs0ANZOvIQsg4-P9QTaFgosCXhm6wTBVrHy4
アジア,ラオス,ラオス語による書籍の少なさに拍車をかけるタイ語書籍の流入,ラオスの文化関係者は、文化的・言語的に近く、充実しているタイの文化とエンターテイメントが長期にわたり流入し、ラオス独自の言語とアイデンティティの存続に懸念を抱えている。,https://laotiantimes.com/2023/12/01/thai-dominance-at-vientiane-book-fest-spurs-reflection-on-lao-literary-identity/?fbclid=IwAR3-I3ddMTmZb7jFgqRugQthpPb6-lTjQN31K0HEqJtCo1zjiZoNUSV_s8g
アジア,韓国,駐車場不足の問題（商店街等の駐車場の増設が不可能な地域）,ソウル市内および近郊地域の住民は駐車場不足に直面しており、路上駐車の常態化が問題化している。特に夜間、住宅地域では住民が自宅近くに駐車できず、不便と治安の悪化が懸念されています。,"https://www.youtube.com/watch?v=zzu8Wk4RSh4,  https://blog.naver.com/mcst_pr/222886674441, https://post.naver.com/viewer/postView.naver?volumeNo=31836125&memberNo=40864363&searchKeyword=%EC%A3%BC%EC%B0%A8%EB%AC%B8%EC%A0%9C%20%ED%95%B4%EA%B2%B0"
アジア,韓国,中堅企業や3K現場の労働力不足に対する外国人雇用の拡大,韓国では、大学卒業生の就職難に直面する一方で、建設や土木、配達や運送などの業界は外国人労働者に依存しており、彼らの労働範囲拡大に伴う規制緩和が必要な状況であり、労働市場のバランスと外国人労働者の管理が課題となっています。 ​,https://www.youtube.com/watch?v=xFXuXOFl-jk
アジア,韓国,旅行などで余った外貨小銭が自宅に滞積する,韓国の旅行者はしばしば、特に欧米や東南アジアなどの地域からの帰国後、使用しなかった小銭が自宅に滞積するという課題に直面しています。この問題を解決するために、各国の小銭を韓国ウォンや商品券に交換できる特別な自動販売機が大型スーパーに設置されています。,https://moneyplex.net/kiosklocation
アジア,韓国,酒類市場における競争力の不均衡,韓国ではウイスキーなどの輸入酒に対して高い酒税が課される一方で、伝統酒には税優遇があり、この税制差により、酒類市場における競争力の不均衡が課題となっている。,https://brunch.co.kr/@paxcom/643、https://brunch.co.kr/@paxcom/677
アジア,韓国,洗濯物の管理と処理,都市部のマンション住民は、狭い住空間と忙しい日常生活の中で、洗濯物の管理と処理が大きな課題となっている。,https://www.getwashswat.com/about
アジア,香港・マカオ,日本人駐在員の外国人家政婦探索,香港の日本人駐在員は、家族帯同で赴任することが多く、現地生活の助けとなるメイドさん（外国人家政婦）を、どのように探して、雇い、関係を継続するかが、とても重要な課題となっています。まず、赴任した時、異国の地でどのように家政婦を探すことができるか、周りの友人の紹介以外に伝手がない状況です。そして、雇用は個々に委ねられており、家政婦とのトラブルも多く、何か困った時に誰も助けてくれません。,https://www.hkoagt.com/index.php?La=J
アジア,香港・マカオ,香港在住の日本人の恋愛・結婚市場不足,香港は独身の日本人が多く、出会いの場を必要としております。また、香港在住者を対象とした結婚相談所も少ないです。現地日本人同士、日本人と現地人のマッチングに課題があります。,https://www.aiexe.net/
アジア,中国,独居老人の医療と生活サポート,中国の地方都市では、一人暮らしの高齢者が2020年に1億1800万人に達し、医療と生活サポートの提供が重要な課題となっている。,https://zhuanlan.zhihu.com/p/651892998 https://www.bilibili.com/read/cv27856275/?jump_opus=1
アジア,中国,食料品の店頭機会ロス,中国の都市部では、急速な経済成長と労働力不足による人件費の高騰が進行。店頭機会ロスを減らすために半完成食品が注目されている。,https://baijiahao.baidu.com/s?id=1743471894612128046&wfr=spider&for=pc https://www.nikkei.com/article/DGXZQOGM290PK0Z20C21A4000000/
アジア,中国,喫煙による健康被害,中国では3億5000万人を超える喫煙者がいるため、喫煙による健康被害、特に慢性呼吸器疾患、がん、心血管疾患、糖尿病が深刻な問題となっている、,https://baijiahao.baidu.com/s?id=1731331801290290429&wfr=spider&for=pc https://www.zhihu.com/pin/1505450237568835584?utm_id=0 https://baijiahao.baidu.com/s?id=1777980363281472319&wfr=spider&for=pc
アジア,スリランカ,デング熱の流行を防ぐための手軽で効果的な蚊対策,スリランカではデング熱が全国的に流行し、子供の重症化や死亡例も相次ぎ社会問題化。蚊取線香、スプレー、携帯蚊よけなどの蚊対策グッズは日本製が手に入らず、現地のものは効果が今一つ。,https://www.sundaytimes.lk/230528/news/multiplying-dengue-mosquito-larvae-raises-risks-for-colombo-521261.html
アジア,スリランカ,猿害に対する効果的な対策の必要性,スリランカの農村や地方都市では、サルが増え農作物が大きな被害を受けたり、民家が荒らされ住民生活の支障に。過剰な猿を輸出するという政府の案は裁判所に却下され、別の猿対策が求められている。,https://www.france24.com/en/live-news/20230412-monkey-business-sri-lanka-considers-macaque-sales-to-china
アジア,スリランカ,手軽で効果的な生活習慣病対策の必要性,スリランカでは生活習慣病が急速に拡大し、子供の予備軍も増加し社会問題化。低糖飲料やノンフライ麺のような低糖・低カロリー食品は手に入らず、公園や学校には運動設備がないので、子供向けの効果的な対策が求められている。,https://www.dailymirror.lk/breaking_news/At-least-900-children-diagnosed-with-cancer-100-with-diabetes-Paediatrician/108-262882
オセアニア,オーストラリア,地域貢献活動の運営危機,オーストラリアの豪企業が地域学校やスポーツクラブ支援のために週末ホットドッグ販売を実施しているが、物価高による価格上昇で地域貢献活動の継続が危ぶまれている。,https://thewest.com.au/business/retail/rising-cost-of-living-snags-the-iconic-bunnings-sausage-sizzle-as-community-groups-call-for-price-increase-c-7501859
オセアニア,オーストラリア,賃貸住宅市場の供給不足,オーストラリアの賃貸市場はコロナ禍からの移民急増と供給不足で家賃が高騰し、低所得世帯は家賃に収入の過半数を支出し、住宅供給は大幅に遅れ、新規賃貸住宅の需要を満たせていない,https://www.news.com.au/finance/economy/homelessness-australia-calls-on-government-for-funding-support-amid-national-housing-crisis/news-story/b96b3f20f6af8013d03fcc88b5ef96d4
オセアニア,オーストラリア,ミルクバーの廃業,オーストラリアのミルクバー経営者は、コンビニや大型ショッピングモールの出現により、顧客減少と競争激化の課題に直面している。かつて社交場として親しまれたミルクバーは街角から姿を消しつつあり、住民が交流できる場所の減少が問題となっている​,https://www.racv.com.au/royalauto/lifestyle-home/aussie-milkbar-memories.html
オセアニア,オーストラリア,バス運転手の労働条件改善,オーストラリアのバス運転手は、生活費の高騰と職場の安全性不足、適切な休憩施設がないことに不満を持ち、労働条件の改善を求めて度々ストライキに踏み切っている。特にゴールドコーストのKineticバス運転手たちは、実質賃金の減少と労働時間の長さ、企業の利益優先の姿勢に抗議しており、公正な賃金と条件を求めて声をあげている​,https://www.9news.com.au/national/melbourne-bus-driver-strike-1500-industrial-action-twu-ventura-dyson/f84bd33d-cc38-4368-9e94-41779353f430
オセアニア,オーストラリア,豪州インフレに伴う保育料値上げ問題,インフレに伴い保育料が32％値上げした。平均一日で$123.64である。共働き家庭は給料よりも保育料が高くなるケースもあるため、職場復帰を先延ばしにする母親も多い,https://www.theguardian.com/australia-news/2023/jul/05/childcare-fees-australia-outpace-inflation-2023-fee-increase
アフリカ,ウガンダ,欧米からの古着の流入が、自国の繊維産業の発展を妨げている。,欧米で廃棄された古着が大量に輸入され、安値で取引されている。そのため、価格・品質的に競争力の低い地元産の衣服は売れにくく、地元のテーラーや繊維産業従事者の雇用減少・失業に繋がっている。,"https://www.voanews.com/a/ugandan-president-wants-to-ban-imports-of-used-clothing-from-west/7315091.html, https://youtu.be/RBvis6VJfAU "
アフリカ,ウガンダ,古着輸入禁止法の実行により、大量の失業者が発生しうる。,大統領は自国の繊維産業を保護する目的で「古着の輸入禁止」を発令。措置が実行されれば、卸売・仲介業者、販売者など多くの人が失業する可能性がある（首都カンパラで約8万人の雇用者に影響）。,"https://www.aljazeera.com/gallery/2023/12/7/where-is-our-future-uganda-declares-war-on-used-clothing,  https://youtu.be/RBvis6VJfAU（課題１と同じ）"
アフリカ,ウガンダ,木炭や薪に依存した伝統的な生活による健康被害。,"地方の多くの家庭ではガスや電気がなく、木炭や薪を燃料とするストーブで料理をしている。発煙のため呼吸器に健康被害を受けやすく、毎年19,700人のウガンダ人が、室内の空気汚染が原因で死亡している。"," https://youtu.be/9O5Ml2jtXhE,   https://ecostoves.org/"
アフリカ,ケニア,低所得者層が現状を打破するための事業融資,ケニアではフォーマルセクターとしての仕事が限られている為、皆自らが起業してSMEsとして事業を行うが、銀行の事業系融資等にアクセスができない為、事業拡大ができず、雇用者も増やせない。,https://www.statista.com/statistics/1134332/total-employment-in-kenya/
アフリカ,ケニア,農家のサプライチェーンリスク,ケニアではGDPの60%程度が農業に従事する人口によって生産されているが、世界的な天候不順やイナゴの飛来による害で安定した収入が得られなかったり、収穫量ゼロになるリスクが存在する。,https://www.preventionweb.net/news/kenyan-farmers-suffer-losses-climate-change-grips
アフリカ,ケニア,公共交通機関の車体の劣化と度重なる故障・事故,マタツと呼ばれる日本のISUZUのトラックを改造した公共交通機関がメインの通勤手段になっている。マタツ乗客は、改造トラックの劣化と故障により事故リスクが高まり、乗員オーバーや運賃上昇による移動の困難さに直面している。,https://cleantechnica.com/2023/08/14/basigo-introduces-the-e9-kubwa-electric-bus-which-is-specifically-designed-for-the-kenyan-market/
アフリカ,ケニア,他国間長距離物流の無駄の是正,ケニアを含む東アフリカ経済圏では他国を通過しての長距離物流でコンテナを運び経済を支えているが、しばしば帰り便の荷主が見つからず、空トラックで帰路をたどる。トラック運転手は、無駄なガソリン代と効率の低下に悩まされている。,https://africa.businessinsider.com/local/markets/google-backs-kenyan-e-logistics-company-lori-systems-to-help-bring-digital-transport/xsbxyfh
アフリカ,ケニア,高額保険の支払い問題,ケニアの医療制度はNHIFという政府管理下の保険制度が存在するが、病院に行ってもほぼ保険によってカバーされない。ケニアの低所得者層は高額な民間保険の加入が困難である状況に置かれている。,https://techtrendske.co.ke/2022/03/28/health-tech-platform-m-tiba-and-jubilee-partner-to-provider-health-insurance-for-smes/
アフリカ,南アフリカ共和国,計画停電によりビジネスに打撃を受ける中小企業,南アフリカの中小企業経営者は計画停電により機器停止と食材損失に直面し、サービス提供困難でビジネス維持が危ぶまれている。,3. https://www.news24.com/citypress/business/smes-confidence-plummets-thanks-to-load-shedding-20230503 https://businesstech.co.za/news/business/690079/businesses-in-south-africa-are-buckling-under-load-shedding-as-liquidations-climb/ Renew Co　https://renewco.co.za/ 再生可能エネルギーを中小企業に提供。建設コストを会社が負担する代わりに、建設後の購買契約を中小企業と結ぶことで、Renew Coは顧客を事前に獲得でき、顧客は国営電力会社よりも安価で電気を購入できる。
アフリカ,南アフリカ共和国,農村家庭の命綱である家畜の盗難,アフリカの田舎の小規模農家は、家畜を育て、販売することで細々と暮らしているが、ここ数年、夜間や放牧中の家畜盗難の被害が頻発し、生活苦に陥っている,3. https://www.news24.com/news24/southafrica/news/watch-they-were-armed-to-the-teeth-small-scale-farmer-living-in-fear-of-livestock-thieves-20220921 https://www.timeslive.co.za/news/south-africa/2023-12-14-farm-manager-who-sold-stolen-livestock-at-auction-is-jailed/#google_vignette テクノロジーを使い家畜をトラックするデバイスを開発しサブスク型のビジネスを展開　https://www.abiri.co.za/
アフリカ,南アフリカ共和国,政府無料住宅の住民が直面する、治安の悪化やインフラ品質の低下問題,アパルトヘイト後、深刻な住宅不足かつ土地や住宅の所有権がなかった黒人に、政府は無料住宅を支給したが、政府無料住宅を支給された家庭が、維持費を支払えず空き家が増えた。政府無料住宅の住民は、治安の悪化やインフラ品質の低下問題に直面している。,南アフリカの住宅問題について：https://www.groundup.org.za/article/social-housing-in-south-africa-is-in-trouble-heres-why/ https://www.sabcnews.com/sabcnews/economic-hardship-prompts-botshabelo-residents-in-free-state-to-occupy-vacant-land/ https://mg.co.za/news/2023-11-16-gauteng-rdp-housing-projects-still-incomplete-after-30-years/